cod_cnae,descripcion
111301,Cultivo de arroz
111302,Cultivo de maíz
111303,Cultivo de trigo
111399,Cultivo de otros cereales no especificados anteriormente
112101,Cultivo de algodón herbáceo
112102,Cultivo de yute
112199,Cultivo de otras fibras de cultivos temporales no especificadas previamente
113000,Cultivo de caña de azúcar
114800,Cultivo de humo
115600,Cultivo de soja
116401,Cultivo de maní
116402,Cultivo de girasol
116403,Cultivo de ricino
116499,Cultivo de otras semillas oleaginosas temporales no especificadas previamente
119901,Cultivo de piña
119902,Cultivo de ajo
119903,Cultivo de papas
119904,Cultivo de cebolla
119905,Cultivo de frijoles
119906,Cultivo de yuca
119907,Cultivo de melón
119908,Cultivo de sandía
119909,Cultivo de tomates bajos
119999,Cultivo de otras plantas de cultivo temporales no especificadas anteriormente
121101,"Horticultura, excepto Strawberry"
121102,Fresa
122900,Cultivo de flores y plantas ornamentales
131800,Cultivo naranja
132600,Cultivo de uva
133401,Cultivo de ACAI
133402,Cultivo de plátano
133403,Anacardo
133404,Cultivo de cítricos excepto naranja
133405,Cultivo de coco
133406,Cultivo de guarana
133407,Cultivo de manzana
133408,Papaya
133409,Cultivo de fruta de pasión
133410,Cultivo de mango
133411,Cultivo de durazno
133499,Cultivo de frutas de cultivos permanentes no especificados anteriormente
134200,Cultivo de café
135100,Cultivo de cacao
139301,Cultivo de té-da-india
139302,Cultivo de pareja
139303,Cultivo de pimienta negra
139304,"Cultivo de plantas para condimentos, excepto pimienta negra"
139305,Palmera
139306,Cultivo
139399,Cultivo de otras plantas de cultivo permanentes no especificadas previamente
141501,"Producción de semillas certificadas, excepto forraje para pastos"
141502,Producción de semillas de forraje certificadas para formación de pastos
142300,"Producción de plántulas y otras formas de propagación de plantas, certificada"
151201,Creación de ganado para cortar
151202,Creación de ganado de leche
151203,"Reproducción de ganado, excepto por cortar y leche"
152101,Creación de búfalo
152102,Creación de Equino
152103,Creación de asinines y mulas
153901,Creación de cabra
153902,"Creación de ovejas, incluida la producción de lana"
154700,Cría de cerdos
155501,Creación de pollos para cortar
155502,Producción de pollitos de un día
155503,"Creación de otros galináceos, excepto por cortar"
155504,"Creación de aves, excepto Galinaceos"
155505,Producción de huevos
159801,Apicultura
159802,Reproducción de mascotas
159803,Scargot
159804,Creación de Sewword
159899,Reproducción de otros animales no especificados anteriormente
161001,Servicio de pulverización y control agrícola
161002,Servicio de poda de árboles para cultivos
161003,"Servicio de preparación de tierras, cultivo y cosecha"
161099,Actividades de apoyo agrícola no especificadas anteriormente
162801,Servicio de inseminación artificial en animales
162802,Servicio de recorte de ovejas
162803,Servicio de manejo de animales
162899,Actividades de apoyo para ganado no especificadas previamente
163600,Actividades de poscosecha
170900,Servicios de caza y de caza
210101,Cultivo de eucalipto
210102,Cultivo en negro y negro
210103,Cultivo de Pinus
210104,Cultivo de teca
210105,"Cultivo de especies de tala, excepto Eucalipto, Acacia-Black, Pine y TEC"
210106,Cultivo de plántulas en viveros forestales
210107,Extracción de madera en bosques plantados
210108,Producción de carbón: bosques plantados
210109,ACACI -BLACK -PRODUCCIÓN -bosques planificados
210199,Producción de productos no Madereiros no especificados previamente en bosques plantados
220901,Extracción de madera en bosques nativos
220902,Producción de carbón - bosques nativos
220903,Colección de nueces de Brasil en bosques nativos
220904,Colección de látex en bosques nativos
220905,Colección palmit en bosques nativos
220906,Conservación de bosques nativos
220999,Colección de productos no modernos no especificados previamente en bosques nativos
230600,Actividades de apoyo a la producción forestal
311601,Pescado en agua salada
311602,Crustáceos y moluscos pescando en agua salada
311603,Colección de otros productos marinos
311604,Actividades de apoyo para la pesca de agua salada
312401,Pesca de pescado en agua dulce
312402,Crustáceos y moluscos pescando en agua dulce
312403,Colección de otros productos acuáticos de agua dulce
312404,Actividades de soporte de pesca de agua dulce
321301,Creación de pescado en agua salada
321302,Creación de camarones en agua salada y salsa
321303,Creación de ostras y mejillones en agua salada y marinero
321304,Creación de pescado ornamental en sal y vela
321305,Actividades de apoyo para la acuicultura en sal y vela
321399,Cultivos y semicultivados de acuicultura y soportes de agua salada no especificados anteriormente
322101,Creación de peces en agua dulce
322102,Creando Camerún en agua dulce
322103,Creación de ostras y mejillones de agua dulce
322104,Creación de pescado ornamental en agua dulce
322105,Ranicultura
322106,Creación de cocodrilo
322107,Actividades de apoyo para la acuicultura de agua dulce
322199,Cultivos y semicultivados de acuicultura de agua dulce no especificadas previamente
500301,Extracción de carbón
500302,Beneficio de carbón
600001,Extracción de petróleo y gas natural
600002,Extracción y beneficio
600003,Extracción y beneficio de las arenas betuminosas
710301,Extracción de mineral de hierro
710302,"Pelotización, sinterización y otros beneficios de mineral de hierro"
721901,Extracción de mineral de aluminio
721902,Procesamiento de mineral de aluminio
722701,Extracción de mineral de estaño
722702,Procesamiento de mineral de estaño
723501,Extracción de mineral de manganeso
723502,Procesamiento de mineral de manganeso
724301,Extracción de mineral de metal precioso
724302,Procesamiento de mineral de metal precioso
725100,Extracción de minerales radiactivos
729401,Extracción de minerales de niobio y titanio
729402,Extracción de mineral de tungsteno
729403,Extracción de mineral de níquel
729404,"Extracción de cobre, plomo, zinc y otros minerales de metales no ferrosos no especificados"
729405,"Beneficio de cobre, plomo, zinc y otros minerales de metales no ferrosos no anteriormente no anteriormente"
810001,Extracción de pizarra y procesamiento asociado
810002,Extracción de granito y procesamiento asociado
810003,Extracción de mármol y procesamiento asociado
810004,Extracción de piedra caliza y dolomita y procesamiento asociado
810005,Extracción de yeso y caolín
810006,"Extracción de arena, grava o roca y procesamiento asociado"
810007,Extracción de arcilla y procesamiento asociado
810008,Agarra de extracción y beneficio asociado
810009,Extracción de basalto y procesamiento asociado
810010,Procesamiento de yeso y caolín asociado con extracción
810099,Extracción y trituración de piedras y otros materiales para la construcción y procesamiento asociados
891600,"Extracción mineral para la fabricación de fertilizantes, fertilizantes y otros productos químicos"
892401,Extracción de sal marina
892402,Extracción de sal de sal
892403,Refinación y otros tratamientos de sal
893200,Extracción de la yema de huevo (piedras preciosas y semi -complías)
899101,Extracción gráfica
899102,Extracción de cuarzo
899103,Extracción de asbesto
899199,Extracción de otros minerales no metálicos no especificados anteriormente
910600,Actividades para apoyar la extracción de petróleo y gas natural
990401,Actividades de soporte de extracción de mineral de hierro
990402,Actividades de apoyo para la extracción de minerales de metales no ferrosos
990403,Actividades de apoyo para la extracción de minerales no metálicos
1011201,Refrigerador - Matadro de ganado
1011202,Refrigerador - Matanza de caballos
1011203,Refrigerador: matanza de ovejas y cabras
1011204,Refrigerador - Buffalo Slaughter
1011205,Slaughterhouse - matanza de residentes bajo contrato - excepto la matanza de cerdo
1012101,Aves de corral
1012102,Macilación de animales pequeños
1012103,Refrigerador - Matadro de cerdo
1012104,Slaughterhouse - Matanza de cerdos bajo contrato
1013901,Fabricación de productos cárnicos
1013902,Preparación de matanza por -productos
1020101,"Preservación de peces, crustáceos y moluscos"
1020102,"Fabricación de pescado, crustáceos y moluscos"
1031700,Fabricación de conservación de frutas
1032501,Palmitación conserva la fabricación
1032599,"Fabricación de verduras y otras verduras, excepto el corazón de la palma"
1033301,"Fabricación de jugos de frutas concentradas de frutas, verduras y verduras"
1033302,"Fabricación de jugos de frutas, verduras y verduras, excepto concentrado"
1041400,"Fabricación de aceites vegetales brutos, excepto el aceite de maíz"
1042200,"Fabricación de aceites vegetales refinados, excepto el aceite de maíz"
1043100,Fabricación de margarina y otras grasas vegetales y aceites de animales no competidos
1051100,Preparación de leche
1052000,Fabricación de lácteos
1053800,Fabricación de helados y otros helados comestibles
1061901,Procesamiento de arroz
1061902,Fabricación de productos de arroz
1062700,Molienda de trigo y fabricación de derivados
1063500,Cassava y fabricación de harina derivada
1064300,"Fabricación de harina de maíz y derivados, excepto los aceites de maíz"
1065101,Fabricación de almidones y almidones de verduras
1065102,Fabricación de aceite de maíz en bruto
1065103,Fabricación de aceite de maíz refinado
1066000,Fabricación de alimentos para animales
1069400,Molienda y fabricación de productos de origen vegetal no especificado previamente
1071600,Azúcar bruto
1072401,Fabricación de azúcar de caña de azúcar refinada
1072402,Fabricación de azúcar de cereal (dextrosa) y remolacha
1081301,Procesamiento de café
1081302,Giro de café y molido
1082100,Fabricación de productos basados ​​en café
1091100,Fabricación de productos de panadería
1091101,Fabricación de productos de panadería industrial
1091102,Fabricación de productos de panadería y confitería con predominio de su propia producción
1092900,Fabricación de galletas y galletas
1093701,Fabricación de productos de cacao y chocolate
1093702,"Fabricación de frutas cristalizadas, balas y similares"
1094500,Fabricación de pasta de alimentos
1095300,"Fabricación de especias, salsas, especias y condimentos"
1096100,Fabricación de alimentos y platos listos
1099601,Fabricación de vinagre
1099602,Fabricación post -alimentación
1099603,Fabricación de levadura y levadura
1099604,Fabricación de hielo común
1099605,"Fabricación de productos de infusión (té, pareja, etc.)"
1099606,Fabricación de edulcorantes naturales y artificiales
1099607,Fabricación de alimentos dietéticos y suplementos de alimentos
1099699,Fabricación de otros productos alimenticios no especificados previamente
1111901,Fabricación de brandy de caña de azúcar
1111902,Fabricación de otras esperanzas y bebidas destiladas
1112700,Fabricación de vinos
1113501,"Fabricación de malta, incluida la malta de whisky"
1113502,Fabricación de cervezas y cerveza
1121600,Fabricación de aguas embotelladas
1122401,Fabricación Softing
1122402,Fabricación de té de pareja y otros tés listos para el consumo
1122403,"Fabricación de refrigerios, jarabes y publicaciones para refrigerios, excepto los refrigerios de frutas"
1122404,Fabricación de bebidas isotónicas
1122499,Fabricación de otras bebidas no alcohólicas no especificadas previamente
1210700,Procesamiento industrial del humo
1220401,Fabricación de cigarrillos
1220402,Fabricación de cigarrillos y cigarros
1220403,Fabricación de filtros de cigarrillos
1220499,"Fabricación de otros productos de humo, excepto cigarrillos, cigarrillos y cigarros"
1311100,Preparación y cableado de fibras de algodón
1312000,Preparación y cableado de fibras textiles naturales excepto algodón
1313800,Cableado de fibras artificiales y sintéticas
1314600,Fabricación de líneas para costura y bordado
1321900,Tejido de algodón
1322700,Tejido de fibras textiles naturales excepto algodón
1323500,Tejido de cables de fibras artificiales y sintéticas
1330800,Fabricación de telas de malla
1340501,"Estampado y texurización en cables, telas, artefactos textiles y prendas de vestir de ropa"
1340502,"B, teñido y girando sobre cables, telas, artefactos textiles y piezas de ropa"
1340599,"Otros servicios de acabado en cables, telas, artefactos textiles y piezas de ropa"
1351100,Fabricación de artefactos textiles para uso doméstico
1352900,Fabricación de artefactos de tapiz
1353700,Fabricación de artefactos de Cordaria
1354500,"Fabricación de telas especiales, incluidos artefactos"
1359600,Fabricación de otros productos textiles no especificados previamente
1411801,Hacer ropa interior
1411802,Facción de ropa interior
1412601,"Hacer prendas, excepto ropa interior y a medida"
1412602,"Ropa hecha a medida, excepto ropa interior"
1412603,"Facción de prendas, excepto ropa interior"
1413401,"Hacer ropa profesional, excepto a medida"
1413402,Ropa a medida y de ropa profesional
1413403,Facción de ropa profesional
1414200,"Fabricación de accesorios de ropa, excepto por seguridad y protección"
1421500,Medias
1422300,"Fabricación de artículos de ropa, producidos en tejer y tejer, excepto calcetines"
1510600,Me gusta y otras preparaciones de cuero
1521100,"Fabricación de artículos de viaje, bolsas y similares de cualquier material"
1529700,Fabricación de artefactos de cuero no especificados anteriormente
1531901,Fabricación de zapatos de cuero
1531902,Terminación del calzado de cuero bajo contrato
1532700,Fabricación de tenis de cualquier material
1533500,Fabricación de calzado de material sintético
1539400,Fabricación de zapatos de materiales no especificados anteriormente
1540800,"Fabricación de piezas para zapatos, de cualquier material"
1610201,Aserraderos con desplegamiento de madera
1610202,Aserraderos sin despliegue de madera
1610203,Aserraderos con desarrollo de madera bruta
1610204,Aserraderos sin despliegue de madera bruta -
1610205,Servicio de tratamiento de madera realizado bajo contrato
1621800,"Fabricación de láminas de madera y madera contrachapada laminadas, presionadas y clúster"
1622601,Fabricación de casas de madera prefabricadas
1622602,Fabricación de marcos de madera y madera para instalaciones industriales y comerciales
1622699,Fabricación de otros artículos de carpintería para la construcción
1623400,Fabricación de artefactos tanomiales y envases de madera
1629301,"Fabricación de varios artefactos de madera, excepto muebles"
1629302,"Fabricación de varios artefactos de corcho, bambú, paja, mimbre y otros materiales trenzados, excepto muebles"
1710900,Fabricación de celulosa y otras pastas para la fabricación de papel
1721400,Papel
1722200,Fabricación de cartoline y papel de carto
1731100,Fabricación de envasado de papel
1732000,Fabricación de embalaje de cartón y papel de papel
1733800,Fabricación de placas y envases corrugados
1741901,Fabricación de formas continuas
1741902,"Fabricación de papel, productos de cartón, cartón y cartón corrugado para uso comercial y de oficina, excepto forma continua"
1742701,Fabricación de pañales desechables
1742702,Fabricación de absorbentes higiénicos
1742799,Fabricación de productos de papel para uso de la sanitaria nacional e higiénica no especificada previamente
1749400,"Fabricación de productos a partir de pasta celulósica, papel, cartulina, papel de papel y cartón corrugado no especificado anteriormente"
1811301,Impresión de periódicos
1811302,"Impresión de libros, revistas y otras publicaciones periódicas"
1812100,Impresión de material de seguridad
1813001,Impresión de material para uso publicitario
1813099,Impresión de material para otros usos
1821100,Servicios de preparación
1822900,Servicios de acabado gráfico
1822901,Servicios de enlace y plastificación
1822999,"Servicios de acabado gráfico, excepto la vinculación y la plastificación"
1830001,Reproducción de sonido en cualquier soporte
1830002,Reproducción de video en cualquier soporte
1830003,Reproducción de software en cualquier soporte
1910100,Calcetería
1921700,Fabricación de productos de refinación de petróleo
1922501,Formulación de combustible
1922502,Rerefina de aceites lubricantes
1922599,"Fabricación de otros productos del petróleo, excepto los productos de refinación"
1931400,Fabricación de alcohol
1932200,"Fabricación de biocombustibles, excepto el alcohol"
2011800,Fabricación de cloro y álcali
2012600,Intermediario de fabricación para fertilizantes
2013400,Fabricación de fertilizantes y fertilizantes
2013401,Fabricación de fertilizantes y fertilizantes organo mineral
2013402,"Fabricación de fertilizantes, excepto los organo-minerales"
2014200,Fabricación de gases industriales
2019301,Elaboración de combustibles nucleares
2019399,Fabricación de otros productos químicos inorgánicos no especificados previamente
2021500,Fabricación de productos petroquímicos básicos
2022300,"Fabricación de intermedios para plastificantes, resinas y fibras"
2029100,Fabricación de productos químicos orgánicos no especificados previamente
2031200,Fabricación de resinas termoplásticas
2032100,Fabricación de resinas termoset
2033900,Fabricación de elastomres
2040100,Fabricación de fibras artificiales y sintéticas
2051700,Fabricación de pesticidas
2052500,Fabricación de desinfestantes domissanitarios
2061400,Fabricación de jabones sintéticos y detergentes
2062200,Fabricación de productos de limpieza y pulido
2063100,"Manufactura de cosméticos, perfumería e higiene personal."
2071100,"Fabricación de pinturas, barnices, esmaltes de uñas y lacas"
2072000,Fabricación de pintura impresa
2073800,"Fabricación de impermeabilización, solventes y productos relacionados"
2091600,Fabricación de adhesivos y selladores
2092401,"Fabricación de pistolas, explosivos y detonación"
2092402,Fabricación de artículos pirotécnicos
2092403,Fabricación de coincidencias de seguridad
2093200,Fabricación de aditivos de uso industrial
2094100,Fabricantes de catalizador
2099101,"Fabricación de platos, películas, documentos y otros materiales y productos químicos para la fotografía"
2099199,Fabricación de otros productos químicos no especificados previamente
2110600,Fabricación de productos farmocémicos
2121101,Fabricación de medicamentos alopáticos para uso humano
2121102,Fabricación de medicamentos homeopáticos para uso humano
2121103,Fabricación de medicamentos herbales para uso humano
2122000,Fabricación de drogas veterinarias
2123800,Fabricación de preparaciones farmacéuticas
2211100,Fabricación de neumáticos y
2212900,Reforma de neumáticos usados
2219600,Fabricación de artefactos de goma no especificados previamente
2221800,Fabricación de plástico de plástico y laminados tubulares
2222600,Fabricación de envasado de material de plástico
2223400,Fabricación de tubos y accesorios de material plástico para su uso en la construcción
2229301,Fabricación de artefactos de material plástico para uso personal y doméstico
2229302,Fabricación de artefactos de material plástico para usos industriales
2229303,"Fabricación de artefactos de material plástico para su uso en la construcción, excepto tubos y accesorios"
2229399,Fabricación de artefactos de material de plástico para otros usos no especificados anteriormente
2311700,Plan y fabricación de vidrio de seguridad
2312500,Fabricación de envases de vidrio
2319200,Fabricación de artículos de vidrio
2320600,Fabricación de cemento
2330301,"Fabricación de estructuras prefirradas de concreto reforzado, en serie y en orden"
2330302,Fabricación de artefactos de cemento para su uso en la construcción
2330303,Fabricación de artefactos de fibra de cemento para su uso en la construcción
2330304,Fabricación de casas de concreto prefabricadas
2330305,Preparación de masa de concreto y mortero para la construcción
2330399,"Fabricación de otros artefactos y concreto, cemento, fibra de cemento, yeso y materiales similares"
2341900,Fabricación de productos de cerámica refractaria
2342701,Fabricación de azulejos y pisos
2342702,"Fabricación de artefactos de cerámica y arcilla cocidos para su uso en la construcción, excepto los azulejos y los pisos"
2349401,Fabricación de material sanitario de cerámica
2349499,Fabricación de productos de cerámica que no se frenan no se especifican anteriormente
2391501,"Aplastamiento de piedra, excepto asociado con la extracción"
2391502,"Equipo de piedra para la construcción, excepto asociado con la extracción"
2391503,"Signos y ejecución de mármol, granito, pizarra y otras piedras"
2392300,Fabricación de cal y yeso
2399101,"Decoración, lapidación, grabación, vitrificación y otros trabajos en cerámica, plato, vidrio y cristal"
2399102,Fabricación de abrasivos
2399199,Fabricación de otros productos minerales no metálicos no especificados previamente
2411300,Unión
2412100,Producción de hierro
2421100,Producción de acero semi-acabados
2422901,"Producción de planos de acero al carbono, recubierto o no"
2422902,Producción de planes de aceros especiales de Laminates
2423701,Producción de tubos de acero de costura
2423702,Producción de laminados de acero largos excepto tubos
2424501,Producción de cables de acero
2424502,"Producción de relajaciones, trefillines y perfiles de acero, excepto los cables"
2431800,Producción de tubos de acero con costura
2439300,Producción de otros tubos de hierro y acero
2441501,Producción de aluminio y sus aleaciones en formas primarias
2441502,Producción de laminados de aluminio
2442300,Metalurgia de metales preciosos
2443100,Metalurgia de cobre
2449101,Producción de zinc en formas primarias
2449102,Producción laminada de zinc
2449103,Fabricación de ánodos de galvanoplastia
2449199,Metalurgia de otros metales no ferrosos y sus aleaciones no especificadas anteriormente
2451200,Fundición de hierro y acero
2452100,Metales de fundición y sus aleaciones
2511000,Fabricación de estructuras de metales
2512800,Fabricación de marco de metal
2513600,Fabricación de obras de calderas pesadas
2521700,"Fabricación de tanques, depósitos de metal y calderas para calefacción central"
2522500,"Fabricación de calderas generadoras de vapor, excepto la calefacción central y para los vehículos"
2531401,Producción de acero forjado
2531402,Producción de metales no ferrosos falsificados y sus aleaciones
2532201,Producción de artefactos de estampado de metal
2532202,Metalurgia de polvos
2539000,"Servicios de mecanizado, soldadura, tratamiento y recubrimiento en metales"
2539001,"Servicios de mecanizado, tornearia y soldadura"
2539002,Servicios de tratamiento de metales y recubrimiento
2541100,Fabricación de artículos de cubiertos
2542000,"Fabricación de cerrajeros, excepto los marcos"
2543800,Fabricación de herramientas
2550101,"Fabricación de equipos de guerra pesados, excepto vehículos de combate militar"
2550102,"Fabricación de bomberos, otras mujeres y aminaciones"
2591800,Fabricación de envases de metal
2592601,Fabricación de productos trefilados de metal estandarizados
2592602,"Fabricación de productos trefilados de metal, excepto estandarizado"
2593400,Fabricación de artículos de metal para el hogar y el personal
2599301,Servicios de fabricación de marcos de metal para la construcción
2599302,Servicio de corte de metal y flexión
2599399,Fabricación de otros productos de metal no especificados anteriormente
2610800,Fabricación de componentes electrónicos
2621300,Fabricación de equipos informáticos
2622100,Fabricación periférica para equipos informáticos
2631100,"Fabricación de equipos, piezas y accesorios de transmisión de comunicación"
2632900,"Fabricación de electrodomésticos y otros equipos de comunicación, piezas y accesorios"
2640000,"Fabricación de dispositivos de recepción, reproducción, grabación y amplificación de audio y video"
2651500,"Fabricación de mediciones y equipos de medición, prueba y control"
2652300,Fabricación de centímeros y relojes
2660400,Fabricación de dispositivos electromédicos y electroterapéuticos y equipos de irradiación
2670101,"Fabricación de equipos e instrumentos ópticos, piezas y accesorios"
2670102,"Fabricación de aparatos fotográficos y cinematográficos, piezas y accesorios"
2680900,"Fabricación de medios virgen, magnético y óptico"
2710401,"Fabricación de generadores, piezas y accesorios de corriente directos y alternativos"
2710402,"Fabricación de transformadores, inductores, convertidores, sincronizadores y similares, piezas y accesorios"
2710403,"Fabricación de motores, piezas y accesorios eléctricos"
2721000,"Fabricación de baterías, baterías y acumuladores eléctricos, excepto los vehículos de motor"
2722801,Fabricación de baterías y acumuladores para vehículos de motor
2722802,Reacondicionamiento de baterías y acumuladores para vehículos de motor
2731700,Fabricación de dispositivos y equipos para la distribución y control de la electricidad
2732500,Fabricación de material eléctrico para instalaciones de circuitos de consumo
2733300,Fabricación de cables y conductores eléctricos aislados
2740601,Fabricación de lámparas
2740602,Fabricación de luminarias y otros equipos de iluminación
2751100,"Fabricación de estufas, refrigeradores y máquinas de lavado y secado para uso doméstico, piezas y accesorios"
2759701,"Fabricación de electrodomésticos para uso personal, piezas y accesorios"
2759799,"Fabricación de otros electrodomésticos no especificados anteriormente, piezas y accesorios"
2790201,"Fabricación de electrodos, contactos y otros artículos de carbón y graffiti para uso eléctrico, electricidad y aisladores"
2790202,Fabricación de equipos para señalización y alarma
2790299,Fabricación de otros equipos y electrodomésticos no especificados previamente
2811900,"Fabricación de motores y turbinas, piezas y accesorios, a excepción de los vehículos de aviones y carreteras"
2812700,"Fabricación de equipos hidráulicos y neumáticos, piezas y accesorios, excepto válvulas"
2813500,"Fabricación de válvulas, registros y dispositivos, piezas y accesorios similares"
2814301,"Fabricación de compresores para uso industrial, piezas y accesorios"
2814302,"Fabricación de compresores para uso no industrial, piezas y accesorios"
2815101,Fabricación de rodamientos para fines industriales
2815102,"Fabricación de equipos de transmisión para fines industriales, excepto los rodamientos"
2821601,"Fabricación de hornos industriales, electrodomésticos y equipos no eléctricos para instalaciones, piezas y accesorios térmicos"
2821602,"Fabricación de invernaderos y hornos eléctricos para fines industriales, piezas y accesorios"
2822401,"Fabricación de maquinaria, equipos y dispositivos para transporte y levantamiento de personas, piezas y accesorios"
2822402,"Fabricación de maquinaria, equipos y dispositivos para cargas de transporte y elevación, piezas y accesorios"
2823200,"Fabricación de máquinas y electrodomésticos de maquinaria y ventilación para uso industrial y comercial, piezas y accesorios"
2824101,Fabricación de aires acondicionados y equipos para uso industrial
2824102,Fabricación de aires acondicionados y equipos para uso no industrial
2825900,"Fabricación de máquinas y equipos para saneamiento básico y ambiental, piezas y accesorios"
2829101,"Fabricación de máquina de escribir, calculaciones y otros equipos, piezas y accesorios de oficina no electrónicos"
2829199,"Fabricación de otras máquinas y equipos generales no especificados anteriormente, piezas y accesorios"
2831300,"Fabricación de tractores agrícolas, piezas y accesorios"
2832100,"Fabricación de equipos de riego agrícolas, piezas y accesorios"
2833000,"Fabricación de maquinaria y equipo para agricultura y ganado, piezas y accesorios, excepto para riego"
2840200,"Fabricación de máquinas herramientas, piezas y accesorios"
2851800,"Fabricación de maquinaria y equipo para la prospección y extracción de aceite, piezas y accesorios"
2852600,"Fabricación de otras máquinas y equipos para su uso en extracción mineral, piezas y accesorios, excepto la extracción de aceite"
2853400,"Fabricación de tractores, piezas y accesorios, excepto agrícola"
2854200,"Fabricación de maquinaria y equipo de movimiento de tierra, pavimento y construcción, piezas y accesorios, excepto tractores"
2861500,"Fabricación de máquinas para la industria metalúrgica, piezas y accesorios, excepto las máquinas"
2862300,"Fabricación de maquinaria y equipo para las industrias, piezas y accesorios de alimentos, bebidas y humo"
2863100,"Fabricación de máquinas y equipos para la industria textil, piezas y accesorios"
2864000,"Fabricación de maquinaria y equipo para las industrias de ropa, cuero y zapatos, piezas y accesorios"
2865800,"Fabricación de maquinaria y equipo para las industrias y artefactos, piezas y accesorios de pulpa, papel y cartón"
2866600,"Fabricación de maquinaria y equipo para la industria plástica, piezas y accesorios"
2869100,"Fabricación de máquinas y equipos para uso industrial específico no especificado previamente, piezas y accesorios"
2910701,"Fabricación de automóviles, furgonetas y servicios públicos"
2910702,"Fabricación de chasis con motor para automóviles, furgonetas y servicios públicos"
2910703,"Fabricación de motores para automóviles, furgonetas y servicios públicos"
2920401,Fabricación de camiones y autobuses
2920402,Fabricación de motores para camiones y autobuses
2930101,"Fabricación de cabañas, cuerpos y remolques de camiones"
2930102,Fabricación de cuerpos de autobuses
2930103,"Fabricación de cabañas, cuerpos y remolques para otros vehículos automotores, excepto camiones y autobuses"
2941700,Fabricación de piezas y accesorios para el sistema de vehículos motorizados
2942500,Fabricación de piezas y accesorios para los sistemas de engranajes y transmisión de vehículos automotores
2943300,Fabricación de piezas y accesorios para el sistema de frenos de vehículos de motor
2944100,Fabricación de piezas y accesorios para el sistema de dirección y la suspensión de los vehículos de motor
2945000,"Fabricación de material eléctrico y electrónico para vehículos de motor, excepto las baterías"
2949201,Fabricación de bancos y tapicería para vehículos automotores
2949299,Fabricación de otras piezas y accesorios para vehículos automotores no especificados previamente
2950600,Reacondicionamiento y recuperación de motores para vehículos automotores
3011301,Construcción de grandes embarcaciones
3011302,"Construcción de embarcaciones para uso comercial y para usos especiales, excepto"
3012100,Construcción de buques deportivos y de ocio
3031800,"Fabricación de locomotoras, vagones y otros materiales rodantes"
3032600,Fabricación de piezas y accesorios para vehículos ferroviarios
3041500,Fabricación de aviones
3042300,"Fabricación de turbinas, motores y otros componentes y piezas para aeronaves"
3050400,Fabricación de vehículos de lucha militar
3091100,"Fabricación de motocicletas, piezas y accesorios"
3091101,Fabricación de motocicletas
3091102,Fabricación de piezas y accesorios de motocicletas
3092000,"Fabricación de bicicletas y triciclos no motores, piezas y accesorios"
3099700,Fabricación de equipos de transporte no especificados anteriormente
3101200,Fabricación de muebles con predominio de madera
3102100,Fabricación de muebles con predominio de metal
3103900,"Fabricación de muebles de otros materiales, excepto madera y metal"
3104700,Fabricación de colchones
3211601,Yema de huevo
3211602,Fabricación de joyas y artefactos de orfebre
3211603,Moneda y moneda de medalla
3212400,Fabricación de joyas y artefactos similares
3220500,"Fabricación de instrumentos musicales, piezas y accesorios"
3230200,Fabricación de artefactos para pesca y deportes
3240001,Juegos electrónicos de fabricación
3240002,"Fabricación de billar, piscina y accesorios no asociados con el arrendamiento"
3240003,"Fabricación de billar, piscina y accesorios asociados con el arrendamiento"
3240099,Fabricación de otros juguetes y juegos recreativos no especificados anteriormente
3250701,"Fabricación de instrumentos y utensilios no electrónicos para uso médico, quirúrgico, dental y de laboratorio"
3250702,"Fabricación de muebles para uso médico, quirúrgico, dental y de laboratorio"
3250703,Fabricación de electrodomésticos y utensilios para la corrección de defectos físicos y electrodomésticos ortopédicos en orden
3250704,"Fabricación de electrodomésticos y utensilios para la corrección de defectos físicos y electrodomésticos ortopédicos en general, excepto para ordenar"
3250705,Fabricación de materiales para medicina y odontología
3250706,Servicios de prótesis dental
3250707,Fabricación de artículos ópticos
3250708,Fabricación de artefactos de tejido no fabricados para uso odontomédico-hospital
3250709,Servicio de laboratorio óptico
3291400,"Fabricación de cepillos, cepillos y escobas"
3292201,Fabricación de ropa protectora y de seguridad y fuego.
3292202,Fabricación de equipos y accesorios para seguridad personal y profesional
3299001,Fabricación de paraguas y similares
3299002,"Fabricación de bolígrafos, lápices y otros artículos de oficina"
3299003,"Fabricación de letras, signos y signos de cualquier material, excepto luminoso"
3299004,Fabricación de luces
3299005,Fabricación de aviación de costura
3299006,"Fabricación de velas, incluida la decorativa"
3299099,Fabricación de varios productos no especificados previamente
3311200,"Mantenimiento y reparación de tanques, depósitos de metal y calderas, excepto los vehículos"
3312101,Mantenimiento y reparación del equipo de transmisión de comunicación
3312102,"Mantenimiento y reparación de dispositivos e instrumentos de medición, prueba y control"
3312103,Mantenimiento y reparación de dispositivos electromédicos y electroterapéuticos y equipos de irradiación
3312104,Mantenimiento y reparación de equipos e instrumentos ópticos
3313901,"Mantenimiento y reparación de generadores, transformadores y motores eléctricos"
3313902,"Mantenimiento y reparación de baterías y acumuladores eléctricos, a excepción de los vehículos"
3313999,"Mantenimiento y reparación de máquinas, electrodomésticos y materiales no especificados previamente"
3314701,Mantenimiento y reparación de máquinas que no son elaboradas
3314702,"Mantenimiento y reparación de equipos hidráulicos y neumáticos, excepto válvulas"
3314703,Mantenimiento y reparación de válvulas industriales
3314704,Mantenimiento y reparación de compresores
3314705,Mantenimiento y reparación de equipos de transmisión con fines industriales
3314706,"Mantenimiento y reparación de maquinaria, electrodomésticos y equipos para instalaciones térmicas"
3314707,Mantenimiento y reparación de máquinas y electrodomésticos de refrigeración y ventilación para uso industrial y comercial
3314708,"Mantenimiento y reparación de maquinaria, equipos y electrodomésticos para el transporte y elevación de las cargas"
3314709,"Mantenimiento y reparación de la escritura, calculación y otros equipos de oficina no electrónicos"
3314710,Mantenimiento y reparación de maquinaria y equipo para uso general no especificado previamente
3314711,Mantenimiento y reparación de máquinas y equipos para la agricultura y la vida
3314712,Mantenimiento y reparación de tractores agrícolas
3314713,Mantenimiento y reparación de máquinas herramientas
3314714,Mantenimiento y reparación de maquinaria y equipo para la prospección y extracción de petróleo
3314715,"Mantenimiento y reparación de máquinas y equipos para su uso en extracción de minerales, a excepción de la extracción de aceite"
3314716,"Mantenimiento y reparación de tractores, excepto agrícola"
3314717,"Mantenimiento y reparación de maquinaria y equipo de movimiento de tierra, pavimentación y construcción, excepto tractores"
3314718,"Mantenimiento y reparación de máquinas para la industria metalúrgica, excepto las máquinas"
3314719,"Mantenimiento y reparación de maquinaria y equipo para las industrias de alimentos, bebidas y humo"
3314720,"Mantenimiento y reparación de maquinaria y equipo para la industria textil, ropa, cuero y zapatos"
3314721,"Mantenimiento y reparación de máquinas y electrodomésticos para la industria de la pulpa, papel y cartón y artefactos"
3314722,Mantenimiento y reparación de máquinas y electrodomésticos para la industria plástica
3314799,Mantenimiento y reparación de otras maquinarias y equipos para usos industriales no especificados anteriormente
3315500,Mantenimiento y reparación de vehículos ferroviarios
3316301,"Mantenimiento y reparación de aviones, excepto el mantenimiento en la pista"
3316302,Mantenimiento de aviones en la pista
3317101,Mantenimiento y reparación de embarcaciones y estructuras flotantes
3317102,Mantenimiento y reparación de buques deportivos y de ocio
3319800,Mantenimiento y reparación de equipos y productos no especificados anteriormente
3321000,Instalación de maquinaria y equipo industrial
3329501,Servicios de ensamblaje de muebles de cualquier material
3329599,Instalación de otros equipos no especificados anteriormente
3511500,Generación eléctrica
3511501,Generación eléctrica
3511502,Actividades de coordinación y control de la operación de la generación y transmisión de electricidad
3512300,Transmisión de electricidad
3513100,Al por mayor de electricidad
3514000,Distribución de electricidad
3520401,Producción de gas; Procesamiento de gas natural
3520402,Distribución de combustibles de gas por redes urbanas
3530100,"Producción y distribución de vapor, agua caliente y aire acondicionado"
3600601,"Captura, tratamiento y distribución de agua"
3600602,Distribución de agua por camiones
3701100,Gestión de redes de aguas residuales
3702900,"Actividades relacionadas con aguas residuales, excepto la gestión de la red"
3811400,Colección de desechos no perigiosos
3812200,Recolección de desechos peligrosos
3821100,Tratamiento y disposición de desechos no perigiosos
3822000,Tratamiento y disposición de desechos peligrosos
3831901,Recuperación de desechos de aluminio
3831999,"Recuperación de materiales metálicos, excepto aluminio"
3832700,Recuperación de materiales plásticos
3839401,Compostaje de plantas
3839499,Recuperación de materiales no especificados anteriormente
3900500,Descontaminación y otros servicios de gestión de residuos
4110700,Incorporación de desarrollos inmobiliarios
4120400,Edificio
4211101,Construcción de carreteras y ferrocarriles
4211102,Pintura de señalización de carreteras y aeropuertos
4212000,Construcción de obras de arte especiales
4213800,"Obras de urbanización: calles, cuadrados y aceras"
4221901,Construcción de presas y presas para la generación de electricidad
4221902,Construcción de estaciones y redes eléctricas
4221903,Mantenimiento de redes de distribución de electricidad
4221904,Construcción de estaciones y redes de telecomunicaciones
4221905,Mantenimiento de estaciones y redes de telecomunicaciones
4222701,"Construcción de redes de suministro de agua, recolección de aguas residuales y edificios relacionados, excepto los trabajos de riego"
4222702,Funciona el riego
4223500,"Construcción de redes de transporte por conductos, excepto el agua y las aguas residuales"
4291000,"Obras de puerto, mar y fluvial"
4292801,Asamblea de estructuras metálicas
4292802,Trabajos de ensamblaje industrial
4299501,Construcción de deportes y instalaciones recreativas
4299599,Otros trabajos de ingeniería civil no especificados anteriormente
4311801,Demolición de edificios y otras estructuras
4311802,Preparación de slig y limpieza de tierras
4312600,Perforaciones y encuestas
4313400,Terretería
4319300,Servicios de preparación de tierras no especificados anteriormente
4321500,Instalación y mantenimiento eléctrico
4322301,"Instalaciones hidráulicas, sanitarias y de gas"
4322302,"Instalación y mantenimiento de sistemas de aire acondicionado, ventilación y enfriamiento de aire acondicionado central"
4322303,Instalaciones del sistema de prevención de incendios
4329101,Instalación de paneles publicitarios
4329102,Instalación de equipos para orientación sobre la navegación marítima del río y la lacustria
4329103,"Instalación, mantenimiento y reparación de ascensores, escaleras y cintas de correr rodantes"
4329104,"Ensamblaje e instalación de sistemas y equipos de iluminación y señalización en carreteras públicas, puertos y aeropuertos"
4329105,"Tratamientos térmicos, acústicos o de vibración"
4329199,Otras obras de instalaciones en construcciones no especificadas anteriormente
4330401,Impermeabilización en obras de ingeniería civil
4330402,"Instalación de puertas, ventanas, techos, particiones y gabinetes integrados de cualquier material"
4330403,Finishing funciona en yeso y estuco
4330404,Servicios generales de pintura de construcción
4330405,Aplicación de recubrimientos y resinas en interiores y exteriores
4330499,Otros trabajos de acabado de construcción
4391600,Fundación de obras
4399101,Administración de obras
4399102,Ensamblaje y desmontaje de andamios y otras estructuras temporales
4399103,Trabajos de albañilería
4399104,Servicios de operación y suministro para transporte y elevación de carga y personas para su uso en trabajos
4399105,Perforación y construcción de pozos de agua
4399199,Servicios de construcción especializados no especificados anteriormente
4511101,"Comercio minorista de automóviles nuevos, furgonetas y servicios públicos"
4511102,"Comercio minorista de automóviles, furgonetas y servicios públicos utilizados"
4511103,Comercio mayorista de coche nuevo y usado
4511104,Comercio mayorista de camiones nuevos y usados
4511105,Comercio mayorista de semirremolques nuevos y usados ​​y semirremoledores
4511106,Comercio mayorista por minibuses nuevos y usados ​​y usados
4512901,Representantes comerciales y agentes de comercio de vehículos motorizados
4512902,Comercio bajo el envío de vehículos automotores
4520001,Servicios de mantenimiento y reparación mecánica de vehículos automotores
4520002,Linterna o taller de carrocería y servicios de pintura
4520003,Servicios de mantenimiento y reparación eléctrica de vehículos automotores
4520004,Servicios de alineación y equilibrio de vehículos automotores
4520005,"Servicios de lavado, lubricación y pulido de vehículos automotores"
4520006,Servicios de caucho para vehículos automotores
4520007,"Servicios de instalación, mantenimiento y reparación para vehículos automotores"
4520008,Servicios de Capotaria
4530701,Comercio al por mayor de nuevas piezas y accesorios para vehículos automotores
4530702,Comercio mayorista de neumáticos y cámaras
4530703,Comercio minorista de nuevas piezas y accesorios para vehículos automotores
4530704,Comercio minorista de piezas y accesorios utilizados para vehículos automotores
4530705,Cambiar el comercio minorista de neumáticos y cámaras
4530706,Representantes comerciales y agentes comerciales nuevos y accesorios utilizados para vehículos automotores
4541201,Comercio mayorista de motocicletas y scooters
4541202,Comercio mayorista de piezas y accesorios de motocicletas y motocicletas
4541203,Comercio minorista de nuevas motocicletas y scooters
4541204,Comercio minorista de motocicletas y scooters usados
4541205,Comercio minorista de piezas y accesorios para motocicletas y scooters
4541206,Comercio minorista de nuevas piezas y accesorios para motocicletas y scooters
4541207,Comercio minorista de piezas y accesorios utilizados para motocicletas y scooters
4542101,"Representantes comerciales y agentes del comercio de motocicletas y scooters, piezas y accesorios"
4542102,Comercio bajo el envío de motocicletas y scooters
4543900,Mantenimiento y reparación de motocicletas y scooters
4611700,Representantes comerciales y agentes del comercio de materias primas agrícolas y animales vivos
4612500,"Representantes comerciales y agentes de combustible, minerales, acero y productos químicos"
4613300,"Representantes comerciales y agentes del comercio de madera, material de construcción y hardware"
4614100,"Representantes comerciales y agentes del comercio de maquinaria, equipos, embarcaciones y aviones"
4615000,"Representantes comerciales y agentes del comercio de electrodomésticos, muebles y artículos para el hogar"
4616800,"Representantes comerciales y agentes de los textiles, ropa, zapatos y artículos de viaje"
4617600,"Representantes comerciales y agentes de comercio de alimentos, bebidas y humo"
4618401,"Representantes comerciales y agentes del comercio de medicamentos, cosméticos y productos de perfumería"
4618402,Representantes y agentes comerciales de los instrumentos y materiales de comercio y hospital dodic-medicina
4618403,"Representantes comerciales y agentes del comercio de periódicos, revistas y otras publicaciones"
4618499,Otros representantes comerciales y agentes comerciales especializados en productos no especificados anteriormente
4619200,Representantes comerciales y agentes de los bienes no especializados generales
4621400,Comercio al por mayor de grano
4622200,Comercio mayorista de soya
4623101,Comercio mayorista de animales vivos
4623102,"Comercios al por mayor de cuero, lana, pieles y otros subproductos no conformes de origen animal"
4623103,Comercio al por mayor de algodón
4623104,Comercio de fumar hojas no bienvenidas
4623105,Comercio al por mayor de cacao
4623106,"Comercio al por mayor de semillas, flores, plantas y gramos"
4623107,Comercio de láminas de sisal
4623108,Comercio mayorista de materias primas agrícolas con fraccionamiento y envases asociados
4623109,Al por mayor de alimentos animales
4623199,Comercio mayorista de materias primas agrícolas no especificadas anteriormente
4631100,Comercio mayorista de leche y lácteos
4632001,Comercio mayorista de cereales y legumbres beneficiadas
4632002,"Comercio al por mayor de harina, almidones y fadcules"
4632003,"Comercio al por mayor de cereales y legumbres beneficiadas, harina, almidones y fécules, con actividad de fraccionamiento y envasado asociados"
4633801,"Comercio al por mayor de frutas, verduras, raíces, tubérculos, verduras y verduras frescas"
4633802,Comercio mayorista de pájaros y huevos vivos
4633803,Comercio al por mayor de conejos y otros pequeños animales vivos para la comida
4634601,Comercio mayorista de ganado y cerdos y derivados
4634602,Comercio mayorista de aves sacrificadas y derivadas
4634603,Al por mayor de pescado y mariscos
4634699,Comercio mayorista de carne y derivados de otros animales
4635401,Comercio mayorista de agua mineral
4635402,"Mayorista de comercio de cerveza, cerveza de barril y refrescos"
4635403,Comercio mayorista de bebidas con fraccionamiento y actividad de envasado asociado
4635499,Comercio mayorista de bebidas no especificadas anteriormente
4636201,Comercio mayorista de tabaco beneficiado
4636202,"Comercio mayorista de cigarrillos, cigarros y cigarros"
4637101,"Al por mayor de café tostado, molido y soluble"
4637102,Comercio al por mayor de azúcar
4637103,Al por mayor de aceites y grasas
4637104,"Comercio mayorista de panes, pasteles, galletas y similares"
4637105,Comercio al por mayor de pasta de comida
4637106,Debería el comercio de sábanas
4637107,"Comercio mayorista de chocolates, confitería, balas, dulces y similares"
4637199,Comercio de quién se especializa en otros productos alimenticios no especificados previamente
4639701,Al por mayor de productos alimenticios en general
4639702,"Comercio mayorista de productos alimenticios en general, con fraccionamiento y actividad de envasado asociado"
4641901,Al por mayor de tejido
4641902,"Al por mayor de la cama, la mesa y el baño"
4641903,Comercio mayorista de artículos de Armarinho
4642701,"Al por mayor de ropa y accesorios, excepto profesionales y seguridad"
4642702,Al por mayor de ropa y accesorios para uso profesional y seguridad ocupacional
4643501,Zapatos
4643502,"Comercio mayorista de becas, bolsas y artículos de viaje"
4644301,Al por mayor de drogas y drogas humanas
4644302,Al por mayor de drogas y drogas veterinarias
4645101,"Comercio mayorista de instrumentos y materiales para médicos, quirúrgicos, hospitalarios y laboratorios"
4645102,Comercio mayorista de prótesis y ortopedia
4645103,Al por mayor de productos dentales
4646001,Comercio mayorista de cosméticos y productos de perfumería
4646002,Al por mayor de productos de higiene personal
4647801,Al por mayor de artículos de oficina y papelería
4647802,"Comercio mayorista de libros, periódicos y otras publicaciones"
4649401,Comercio mayorista de equipos eléctricos para uso personal y doméstico
4649402,Comercio mayorista de dispositivos electrónicos electrónicos y domésticos y nacionales
4649403,"Comercio mayorista en bicicletas, triciclos y otros vehículos recreativos"
4649404,Comercio mayorista para muebles y artículos de colchoaria
4649405,Comercio mayorista de artículos de tapices; persianas y cortinas
4649406,"Comercio mayorista de candelabros, lámparas y lámparas"
4649407,"Comercio mayorista de películas, CD, DVD, cintas y discos"
4649408,"Comercio al por mayor de productos de higiene, limpieza y conservación del hogar"
4649409,"Comercio mayorista de productos de higiene, limpieza y conservación del hogar, con fraccionamiento y actividad de envasado asociado"
4649410,"Comercio al por mayor de joyas, relojes y joyas, incluidos los cálculos preciosos y semi -compliantes."
4649499,Comercio mayorista de otros equipos y artículos personales y nacionales no especificados previamente
4651601,Comercio de equipos informáticos al por mayor
4651602,Comercio de proveedores de suministros para computadoras
4652400,Comercio mayorista de componentes electrónicos y equipos telefónicos y de comunicación
4661300,"Comercio al por mayor de maquinaria, electrodomésticos y equipos para uso agrícola; partes y piezas"
4662100,"Comercio al por mayor de maquinaria, equipos de movimiento de tierras, minería y construcción; partes y piezas"
4663000,Comercio mayorista de maquinaria y equipo para uso industrial; partes y piezas
4664800,"Comercio al por mayor de máquinas, electrodomésticos y equipos para uso doddic-hospital doméstico; partes y piezas"
4665600,Comercio mayorista de maquinaria y equipo para uso comercial; partes y piezas
4669901,Comercio mayorista de bombas y compresores; partes y piezas
4669999,Comercio mayorista de otras maquinarias y equipos no especificado previamente; partes y piezas
4671100,Al por mayor de madera y productos derivados
4672900,Comercio mayorista de titular y herramienta
4673700,Material eléctrico Comercio mayorista
4674500,Comercio al por mayor de cemento
4679601,"Comercio mayorista de pinturas, barnices y similares"
4679602,Comercio mayorista de canicas y granitos
4679603,"Comercio al por mayor de vidrio, espejos, vidrieras y marcos"
4679604,Comercio especializado de materiales de construcción no especificados previamente
4679699,Al por mayor de materiales de construcción en general
4681801,"Comercio al por mayor de alcohol caraburante, biodiesel, gasolina y otros derivados de petróleo, excepto lubricantes, no llevados a cabo"
4681802,Comercio mayorista de combustible llevado a cabo por el operador minorista (T.R.R.)
4681803,"Comercio al por mayor de combustibles vegetales, excepto el alcohol de la carabura"
4681804,Comercio mayorista de combustibles de origen mineral en bruto
4681805,Comercio mayorista de lubricantes
4682600,Al por mayor de gas líquido (GLP)
4683400,"Comercio mayorista de pesticidas, fertilizantes y correctivos del suelo"
4684201,Al por mayor de resinas y elastómeros
4684202,Comercio mayorista con solvente
4684299,Comercio mayorista de otros productos químicos y petroquímicos no especificado previamente
4685100,"Comercio mayorista de acero y productos metalúrgicos, a excepción de la construcción"
4686901,Comercio mayorista de papel y cartón en Bruto
4686902,Al por mayor del embalaje
4687701,Al por mayor de los desechos de papel y cartón
4687702,"Comercio al por mayor de desechos y desechos no metálicos, excepto el papel y el cartón"
4687703,Al por mayor de desechos y chatarra de metal
4689301,Comercio mayorista de productos de extracción de minerales excepto combustibles
4689302,Comercio mayorista de cables y fibras beneficiadas
4689399,Comercio que se especializa en otros productos intermedios no especificados anteriormente
4691500,"Comercio mayorista de bienes en general, con predominio de productos alimenticios"
4692300,"Comercio mayorista de bienes en general, con predominio de insumos agrícolas"
4693100,"Comercio mayorista de bienes en general, sin predominio de alimentos o insumos agrícolas"
4711301,"Comercio minorista de bienes en general, con predominio de productos alimenticios - hipermercados"
4711302,"Comercio minorista de bienes en general, con predominio de productos alimenticios - supermercados"
4712100,"Comercio minorista de bienes en general, con predominio de productos alimenticios: mini mercado, supermercados y almacenes"
4713001,Tiendas de departamento o revistas
4713002,"Tiendas de variedades, excepto en grandes almacenes o revistas"
4713003,Tiendas libres de impuestos de aeropuertos internacionales
4713004,"Tiendas de departamentos o revistas, excepto tiendas libres de impuestos"
4713005,"Tiendas francesas (libres de impuestos) de aeropuertos, puertos y fronteras terrestres"
4721101,Panadería y confitería con predominio de su propia producción
4721102,Panadería y confitería con un predominio de reventa
4721103,Minorista comercializan lácteos y frío
4721104,"Minorista de dulces, balas, dulces y similares"
4722901,Comercio minorista de carne - Butchers
4722902,Pescadero
4723700,Comercio minorista
4724500,Hortifrutigranjeiros comercio minorista
4729601,TABACARIA
4729602,Comercio minorista de bienes en tiendas de conveniencia
4729699,Comercio minorista de productos alimenticios en general o especializados en productos alimenticios no especificado previamente
4731800,Minorista de combustible para vehículos automotores
4732600,Comercio minorista lubricante
4741500,Minorista de pinturas y materiales para pintar
4742300,Comercio minorista de material eléctrico
4743100,Comercio minorista
4744001,Hardware y herramientas comercio minorista
4744002,Comercio minorista de madera y artefactos
4744003,Comercio minorista de materiales hidráulicos
4744004,"Minorista de lima, arena, piedra triturada, ladrillos y azulejos"
4744005,Minorista de materiales de construcción no especificados previamente
4744006,Comercio minorista de piedras para recubrimiento
4744099,Comercio minorista de materiales de construcción generales
4751200,Comercio minorista especializado de equipos informáticos y suministros
4751201,Comercio minorista especializado de equipos informáticos y suministros
4751202,Recarga de cartucho para equipos informáticos
4752100,Comercio minorista especializado de equipos telefónicos y de comunicación
4753900,Comercio minorista especializado de electrodomésticos y equipos de audio y video
4754701,Comercio minorista de muebles
4754702,Minorista de artículos de colchón
4754703,Comercio minorista de artículos de iluminación
4755501,Comercio minorista de telas
4755502,Comercio minorista de artículos de Armarinho
4755503,"Comercio minorista de cama, mesa y baño"
4756300,Comercio minorista especializado de instrumentos musicales y accesorios
4757100,"Comercio minorista especializado de piezas y accesorios para electrónica para uso doméstico, excepto informática y comunicación"
4759801,"Comercio minorista de artículos de tapiz, cortinas y persianas"
4759899,Minorista de otros artículos personales y nacionales no especificados previamente
4761001,Comercio de libros minoristas
4761002,Comercio minorista para periódicos y revistas
4761003,Comercio minorista de papelería
4762800,"Comercio minorista de discos, CD, DVD y cintas"
4763601,Comercio minorista por juguetes y artículos recreativos
4763602,Comercio minorista de artículos deportivos
4763603,Minorista de bicicletas y triciclos; Partes y accesorios
4763604,"Comercio minorista de caza, pesca y campamento"
4763605,Comercio minorista de embarcaciones y otros vehículos recreativos; Partes y accesorios
4771701,"Minorista de productos farmacéuticos, sin manipulación de fórmulas"
4771702,"Minorista de productos farmacéuticos, con manipulación de fórmulas"
4771703,Comercio de minoristas farmacéuticos homeopáticos
4771704,Comercio minorista de medicamentos veterinarios
4772500,"Minorista de cosméticos, perfumería e higiene personal productos"
4773300,Comercio minorista por artículos médicos y ortopédicos
4774100,Comercio minorista de artículos ópticos
4781400,Comercio minorista por artículos de ropa y accesorios
4782201,Minorista de zapatos
4782202,Comercio minorista de viajes
4783101,Comercio minorista de artículos de joyería
4783102,Minorista de relojería
4784900,Comercio minorista de gas de petróleo líquido (GLP)
4785701,Comercio minorista de antigüedades
4785799,Minorista de otros artículos usados
4789001,"Recuerdo, joyas y manualidades"
4789002,Comercio minorista de plantas y flores naturales
4789003,Comercio minorista de objetos de arte
4789004,Comercio minorista de animales vivos y artículos y alimentos para mascotas
4789005,Comercio minorista de domissanarios
4789006,Comercio minorista de fuegos artificiales y pirotécnicos
4789007,Comercio minorista de equipos de oficina
4789008,Minorista de artículos fotográficos y para filmar
4789009,Comercio minorista de armas y municiones
4789099,Minorista de otros productos no especificados previamente
4911600,Transporte ferroviario
4912401,Transporte ferroviario de pasajeros interciados y interestatales
4912402,Transporte ferroviario de pasajeros municipales y en la región metropolitana
4912403,Transporte del metro
4921301,"Transporte por carretera colectiva de pasajeros, con itinerario fijo, municipal"
4921302,"Transporte por carretera colectiva de pasajeros, con itinerario fijo, interurbano en una región metropolitana"
4922101,"Transporte por carretera colectiva de pasajeros, con itinerario interurbano fijo, excepto en una región metropolitana"
4922102,"Transporte por carretera colectiva de pasajeros, con itinerario interestatal fijo"
4922103,"Transporte por carretera colectiva de pasajeros, con itinerario fijo, internacional"
4923001,Servicio de taxi
4923002,Servicio de transporte de pasajeros: alquiler de automóviles con conductor
4924800,Transporte escolar
4929901,"Transporte por carretera colectiva de pasajeros, bajo régimen de chárter, municipal"
4929902,"Transporte por carretera colectivo de pasajeros, bajo estatuto, interurbano, interestatal e internacional"
4929903,"Organización de excursiones en vehículos de carretera propios, municipal"
4929904,"Organización de excursiones en sus propios vehículos de carretera internos, interestatales e internacionales"
4929999,Otro transporte por carretera de pasajeros no especificados anteriormente
4930201,"Transporte de carga de carretera, excepto productos y cambios peligrosos, municipal."
4930202,"Transporte por carretera de carga, excepto productos y cambios peligrosos, interurbanos, interestatales e internacionales"
4930203,Transporte por carretera de productos peligrosos
4930204,Transporte por carretera de cambios
4940000,Transporte ductoviario
4950700,"Turista, teleférico y trenes similares"
5011401,Cabotaje Transporte marítimo - Cargo
5011402,Cabotaje Transporte marítimo - Pasajeros
5012201,Transporte marítimo de curso largo - Cargo
5012202,Transporte marítimo de curso largo - Pasajeros
5021101,"Transporte por navegación interior de carga, municipal, excepto el cruce"
5021102,"Transporte por interiores, interurbanos, interestatales e internacionales, excepto cruzar"
5022001,"Transporte por navegación interior de pasajeros en líneas municipales regulares, excepto el cruce"
5022002,"Transporte por navegación interior de pasajeros en líneas regulares, interurbanas, interestatales e internacionales, excepto el cruce"
5030101,Navegación de apoyo marítimo
5030102,Navegación de soporte portuario
5030103,Servicio de remolcadores y empujadores
5091201,"Transporte por cruce de navegación, municipal"
5091202,"Transporte por Intercity, Interstate e International Crossing"
5099801,Transporte de vías fluviales para recorridos por recorridos
5099899,Otros transportes de vías fluviales no se especifican anteriormente
5111100,Transporte aéreo de pasajeros regulares
5112901,Servicio de taxi aéreo y arrendamiento de aviones con tripulación
5112999,Otros servicios de transporte aéreo de pasajeros no regulares
5120000,Cargar transporte aéreo
5130700,Transporte espacial
5211701,Almacenadores generales - Problema de orden judicial
5211702,Guardia
5211799,"Depósitos de bienes para terceros, excepto los almacenes generales y la tutela"
5212500,Carga y descarga
5221400,"Carreteras, puentes, túneles y servicios relacionados"
5222200,Terminales de carreteras y ferrocarriles
5223100,Estacionamiento para vehículos
5229001,"Servicios de soporte de transporte de taxi, incluidos los centros de llamadas"
5229002,Servicios de remolque de vehículos
5229099,Otras actividades auxiliares de transporte terrestre no especificadas previamente
5231101,Administración de infraestructura portuaria
5231102,Actividades del operador del puerto
5231103,Manejo de terminal del agua
5232000,Actividades de la agencia marítima
5239700,Actividades auxiliares de las embarcaciones no especificadas anteriormente
5239701,Servicios de práctica
5239799,Actividades auxiliares de las embarcaciones no especificadas anteriormente
5240101,Operación de aeropuertos y campos de aterrizaje
5240199,"Actividades auxiliares de transporte aéreo, excepto los campos de operación y aterrizaje del aeropuerto"
5250801,Comisión de envío
5250802,Actividades de despachadores de aduanas
5250803,"Agencia de carga, excepto por el transporte marítimo"
5250804,Organización de logística del transporte de carga
5250805,Operador de transporte multimodal - OTM
5310501,Actividades de correo nacional
5310502,Actividades de franquicia de correo nacional
5320201,Servicios Docly no realizados por el correo nacional
5320202,Servicios de entrega rápida
5510801,Hoteles
5510802,Hoteles de apartado
5510803,Moteles
5590601,"Albergues, excepto asistencia"
5590602,Campamentos
5590603,Pensiones (alojamiento)
5590699,Otras adaptaciones no especificadas anteriormente
5611201,Restaurantes y similares
5611202,Bares y otros establecimientos especializados en servir bebidas
5611203,"Barras de bocadillos, casas de té, jugos y similares"
5611204,"Bares y otros establecimientos especializados en servir bebidas, sin entretenimiento"
5611205,"Bares y otros establecimientos especializados en servir bebidas, con entretenimiento"
5612100,Servicios de comida para caminar
5620101,Suministro de alimentos preparados preponderantemente para empresas
5620102,Servicios de alimentos para eventos y recepciones - Bufê
5620103,Cantins - Servicios de alimentos privados
5620104,Suministro de alimentos preparados preponderantemente para consumo doméstico
5811500,Edición de libros
5812300,Edición de periódico
5812301,Edición diaria de periódicos
5812302,Periódicos no diarios
5813100,Edición de revista
5819100,"Edición de registros, listas y otros productos gráficos"
5821200,Edición de importación de libros
5822100,Edición integrada para la impresión de periódicos
5822101,Edición integrada para la impresión de periódicos diarios
5822102,Edición integrada para la impresión de periódicos no diarios
5823900,Edición integrada para la impresión de revistas
5829800,"Edición integrada para la impresión de registros, listas y otros productos gráficos"
5911101,Estudios cinematográficos
5911102,Producción de películas para publicidad
5911199,"Actividades de producción cinematográfica, videos y programas de televisión no especificados anteriormente"
5912001,Servicios de actuación de voz
5912002,Servicios de mezcla de sonido en producción audiovisual
5912099,"Actividades de postproducción, videos y programas de televisión no especificados previamente"
5913800,"Distribución de programas cinematográficos, de video y televisión"
5914600,Actividades de exhibición cinematográfica
5920100,Actividades de grabación de sonido y edición musical
6010100,Actividades de radio
6021700,Actividades de televisión abiertas
6022501,Programadores
6022502,"Actividades relacionadas con la televisión de pago, excepto la programación"
6110801,Servicios telefónicos fijos conmutados - STFC
6110802,Servicios de red de transporte de telecomunicaciones - SRTT
6110803,Servicios de comunicación multimedia - SCM
6110899,Servicios de telecomunicaciones por cable no especificados anteriormente
6120501,Teléfono móvil
6120502,Servicio móvil especializado - PYME
6120599,Servicios de telecomunicaciones inalámbricos no especificados anteriormente
6130200,Telecomunicaciones por satélite
6141800,Pague de cable -Operadores de Televisión
6142600,Operadores de televisión de pago por microondas
6143400,Satellite Pay -Operadores de Televisión
6190601,Acceder a proveedores a redes de comunicaciones
6190602,Proveedores de voz sobre el protocolo de Internet - VoIP
6190699,Otras actividades de telecomunicaciones no especificadas previamente
6201500,Desarrollo de programas de computadora personalizados
6201501,Desarrollo de programas de computadora personalizados
6201502,Diseño web
6202300,Desarrollo y licencia de programas de computadora personalizables
6203100,Desarrollo y licencia de programas de computadoras que no son country
6204000,Consultoría en Tecnología de la Información
6209100,"Soporte técnico, mantenimiento y otros servicios de tecnología de la información"
6311900,"Procesamiento de datos, proveedores de servicios de aplicaciones y servicios de alojamiento en Internet"
6319400,"Portales, proveedores de contenido y otros servicios de información en Internet"
6391700,Agencias de noticias
6399200,Otras actividades de proporcionar servicios de información no especificados anteriormente
6410700,Banco Central
6421200,Bancos comerciales
6422100,"Múltiples bancos, con cartera comercial"
6423900,Cajas económicas
6424701,Bancos cooperativos
6424702,Cooperativas de crédito central
6424703,Cooperativas de crédito mutuo
6424704,Cooperativas de crédito rural
6431000,"Múltiples bancos, sin cartera comercial"
6432800,Bancos de inversión
6433600,Bancos de desarrollo
6434400,Agencias de promoción
6435201,Empresas de crédito inmobiliario
6435202,Asociaciones de ahorro y préstamos
6435203,Hipoteca
6436100,"Crédito, financiamiento e inversión: compañías financieras"
6437900,Compañías de crédito de microentrenador
6438701,Bancos de intercambio
6438799,Otras instituciones de intermediación no monetarias no especificadas previamente
6440900,Alquiler
6450600,Sociedades de capitalización
6461100,Tenencias de instituciones financieras
6462000,Tenencias de instituciones no financieras
6463800,Otras sociedades de participación excepto las tenencias
6470101,"Fondos de inversión, excepto el Seguro Social y los bienes raíces"
6470102,Fondos de inversión del Seguro Social
6470103,Fondos de inversión inmobiliaria
6491300,Sociedades de desarrollo mercantil - factorización
6492100,Titulización de crédito
6493000,Administración de consorcios para la adquisición de bienes y derechos
6499901,Clubes de inversión
6499902,Sociedades de inversión
6499903,Fondo de garantía de crédito
6499904,Cajas de financiación de la corporación
6499905,Concesión de crédito por OSCIP
6499999,Otras actividades de servicios financieros no especificados anteriormente
6511101,Vida de la sociedad de seguros
6511102,Planes de ayuda para la funeraria
6512000,"Compañía de seguros, no vida"
6520100,Sociedad de Seguros de Salud
6530800,Reaseguro
6541300,Pensión complementaria cerrada
6542100,Seguro social complementario abierto
6550200,Planos de salud
6611801,Bolsa de Valores
6611802,Bienes
6611803,Bienes y becas futuras
6611804,Administración de mercados de mostradores organizados
6612601,Corredores de valores y valores
6612602,Distribuidores de valores y valores
6612603,Intercambio de empresas de corretaje
6612604,Corredores de contratos de bienes
6612605,Agentes de inversión en inversiones financieras
6613400,Administración de tarjetas de crédito
6619301,Servicios de liquidación y custodia
6619302,Corresponsales de instituciones financieras
6619303,Representaciones de bancos extranjeros
6619304,Cajeros automáticos
6619305,Operadores de tarjetas de deuda
6619399,Otras actividades auxiliares de servicios financieros no especificados anteriormente
6621501,Expertos y evaluadores de seguros
6621502,Auditoría y consultoría actuarial
6622300,"Corredores y agentes de seguros, planes de pensiones suplementarios y de salud"
6629100,"Actividades auxiliares de seguros, seguridad social y planes de salud complementarios no especificados anteriormente"
6630400,Fundaciones de actividades de administración por contrato o comisión
6810201,Compra y venta de propiedades propias
6810202,Alquiler propio de bienes raíces
6810203,Asignación de propiedades propias
6821801,Corretaje en compra y venta y valoración de bienes raíces
6821802,Corretaje de alquiler inmobiliario
6822600,Administración y administración de propiedades inmobiliarias
6911701,Servicios de abogados
6911702,Actividades de justicia auxiliar
6911703,Agente de propiedad industrial
6912500,Notarios
6920601,Actividades contables
6920602,Actividades de auditoría fiscal y contable
7020400,"Actividades de consultoría de gestión empresarial, excepto consultoría técnica específica"
7111100,Servicios de arquitectura
7112000,Servicios de Ingenieria
7119701,"Servicios de cartografía, topografía y geodesia"
7119702,Actividades de estudios geológicos
7119703,Servicios de dibujo técnico relacionados con arquitectura e ingeniería
7119704,Servicios de experiencia técnica relacionadas con la seguridad ocupacional
7119799,Actividades técnicas relacionadas con la ingeniería y la arquitectura no especificadas previamente
7120100,Pruebas y análisis técnicos
7210000,Investigación y desarrollo experimental en ciencias físicas y naturales
7220700,Investigación y desarrollo experimental en ciencias sociales y humanas
7311400,Agencias publicitarias
7312200,"Agencia de espacios publicitarios, excepto en vehículos de comunicación"
7319001,Creación de cabinas para ferias y exposiciones
7319002,Promoción de ventas
7319003,Marketing directo
7319004,Consultoría publicitaria
7319099,Otras actividades publicitarias no especificadas anteriormente
7320300,Investigación del mercado y de opinión pública
7410201,Diseño
7410202,Diseño de interiores
7410203,Diseño de producto
7410299,actividades de diseño no especificadas anteriormente
7420001,"Fotografías de actividades de producción, excepto aire y submarino"
7420002,Actividades de producción de fotografías aéreas y submarinas
7420003,Laboratorios fotográficos
7420004,Filmación de fiestas y eventos
7420005,Servicios de microfilming
7490101,"Traducción, interpretación y similares"
7490102,Escandria y buceo
7490103,Agronomía y servicios de consultoría a actividades agrícolas y ganaderas
7490104,"Actividades de intermediación y agencia de servicios y negocios en general, excepto bienes raíces"
7490105,"Agencia de profesionales para actividades deportivas, culturales y artísticas"
7490199,"Otras actividades profesionales, científicas y técnicas no especificadas anteriormente"
7500100,Actividades veterinarias
7711000,Alquiler de automóviles sin conductor
7719501,"Arrendamiento de embarcaciones sin tripulación, excepto para fines recreativos"
7719502,Alquiler de aviones sin tripulación
7719599,"Arrendamiento de otros medios de transporte no especificados previamente, sin conductor"
7721700,Alquiler de alquiler y alquiler de equipos deportivos
7722500,"Alquiler de cintas de video, DVD y similares"
7723300,"Alquiler de objetos de ropa, joyas y accesorios"
7729201,Alquiler de juegos electrónicos
7729202,"Alquiler de muebles, utensilios y dispositivos domésticos y personales; instrumentos musicales"
7729203,Alquiler de material médico
7729299,Alquiler de otros objetos personales y domésticos no especificados anteriormente
7731400,Alquiler de maquinaria y equipo agrícola sin operador
7732201,"Alquiler de maquinaria y equipo para construcción sin operador, excepto andamios"
7732202,Andamio
7733100,Alquiler de máquinas y equipos para la oficina
7739001,"Alquiler de maquinaria y equipo para extracción de mineral y aceite, sin operador"
7739002,"Alquiler de científicos, médicos y equipos hospitalarios, sin operador"
7739003,"Alquiler de etapas, techos y otras estructuras de uso temporal, excepto andamios"
7739099,"Alquiler de otras maquinarias y equipos comerciales e industriales no especificados previamente, sin operador"
7740300,Gestión de activos intangibles no financieros
7810800,Selección laboral y agencia
7820500,Alquiler laboral temporal
7830200,Suministro y gestión de recursos humanos para terceros
7911200,Agencias de viajes
7912100,Operadores turísticos
7990200,Servicios de reserva y otros servicios de turismo no especificados anteriormente
8011101,Actividades de vigilancia y seguridad privadas
8011102,Servicios de entrenamiento de perros de guardia
8012900,Actividades de transporte
8020000,Actividades de monitoreo de sistemas de seguridad
8020001,Actividades de monitoreo de sistemas de seguridad electrónicos
8020002,Otras actividades de servicios de seguridad
8030700,Actividades de investigación privadas
8111700,"Servicios combinados para apoyar edificios, excepto la construcción de condominios"
8112500,Construcción de condominios
8121400,Limpieza en edificios y hogares
8122200,Inmunización y control de plagas urbanas
8129000,Actividades de limpieza no especificadas anteriormente
8130300,Actividades de paisaje
8211300,Servicios combinados de soporte de oficinas y administrativos
8219901,Fotocopias
8219999,Preparación de documentos y servicios de soporte administrativo especializados no especificados anteriormente
8220200,Actividades de teletriring
8230001,"Servicios de organización de ferias, congresos, exposiciones y partidos"
8230002,Casas de fiesta y eventos
8291100,Actividades de información de recopilación e registro
8292000,Potencia y empaque bajo contrato
8299701,"Medición del consumo de electricidad, gas y agua"
8299702,"Emisión de valles alimenticios, valles de transporte y similares"
8299703,"Servicios de grabación de sellos, excepto la confección"
8299704,Subastadores independientes
8299705,Servicios de encuesta de fondos bajo contrato
8299706,Casas de lotería
8299707,Salas de acceso a Internet
8299799,Otros servicios de servicios prestados principalmente a empresas no especificadas anteriormente
8411600,Administración pública en general
8412400,"Regulación de la salud, educación, servicios culturales y otras actividades de servicios sociales"
8413200,Regulación de actividades económicas
8421300,Relaciones Extranjeras
8422100,Defensa
8423000,Justicia
8424800,Seguridad y orden público
8425600,Defensa Civil
8430200,Seguro social obligatorio
8511200,Educación para la primera infancia - guardería
8512100,Educación para la primera infancia - Pre -escolar
8513900,Enseñanza fundamental
8520100,Escuela secundaria
8531700,Educación superior - Graduación
8532500,Educación Superior: pregrado y posgrado
8533300,Educación superior - Postgrado y extensión
8541400,Educación vocacional a nivel técnico
8542200,Educación vocacional a nivel tecnológico
8550301,Administración de cajas escolares
8550302,"Actividades de apoyo educativo, excepto las cajas escolares"
8591100,Enseñanza deportiva
8592901,Enseñanza de danza
8592902,"Enseñanza de artes escénicas, excepto la danza"
8592903,Enseñanza musical
8592999,La enseñanza de arte y cultura no especificada
8593700,Enseñanza de idiomas
8599601,Capacitación de conductor
8599602,Cursos de pilotaje
8599603,Entrenamiento de computadora
8599604,Capacitación en desarrollo profesional y gerencial
8599605,Cursos preparatorios para concursos
8599699,Otras actividades educativas no especificadas anteriormente
8610101,"Actividades de atención hospitalaria, excepto la sala de emergencias y las unidades para la atención de emergencia"
8610102,Actividades de servicio en sala de emergencias y unidades de hospital para atender la emergencia
8621601,UCI móvil
8621602,"Servicios de servicio de emergencia móvil, excepto la UCI móvil"
8622400,"Servicios de eliminación del paciente, excepto los servicios de atención de emergencia móvil"
8630501,Actividad médica ambulatoria con recursos para realizar procedimientos quirúrgicos
8630502,Actividad médica ambulatoria con recursos para exámenes complementarios
8630503,Actividad médica ambulatoria restringida a consultas
8630504,Actividad dental
8630505,Actividad dental sin recursos para realizar procedimientos quirúrgicos
8630506,Servicios de vacunación e inmunización humana
8630507,Actividades de reproducción humana asistida
8630599,Actividades de atención ambulatoria no especificadas anteriormente
8640201,Laboratorios de anatomía patológica y citológica
8640202,Laboratorios clínicos
8640203,Servicios de diálisis y nefrología
8640204,Servicios de tomografía
8640205,"Servicios de diagnóstico de imágenes utilizando radiación ionizante, excepto la tomografía"
8640206,Servicios de resonancia magnética
8640207,"Diagnóstico de imagen sin el uso de la radiación ionizante, excepto la resonancia magnética"
8640208,"Servicios de diagnóstico de registro gráfico: ECG, EEG y otros exámenes análogos"
8640209,Servicios de diagnóstico del método óptico: endoscopia y otros exámenes análogos
8640210,Servicios de quimioterapia
8640211,Servicios de radioterapia
8640212,Servicios de hemoterapia
8640213,Servicios de litotripcia
8640214,Servicios de bancos de células y tejidos humanos
8640299,Actividades de los servicios de diagnóstico y de complementación terapéutica no especificados anteriormente
8650001,Actividades de enfermería
8650002,Actividades de profesionales de nutrición
8650003,Actividades de psicología y psicoanálisis
8650004,Actividades de fisioterapia
8650005,Actividades de terapia ocupacional
8650006,Actividades de terapia del habla
8650007,Actividades de terapia de nutrición enteral y parenteral
8650099,Actividades de profesionales de la salud no especificados anteriormente
8660700,Actividades de apoyo a la gestión de la salud
8690901,Actividades de prácticas integradoras y complementarias en salud humana
8690902,Actividades del banco de leche humana
8690903,Actividades de acupuntura
8690904,Actividades de podología
8690999,Otras actividades de atención médica humana no especificadas anteriormente
8711501,Clínicas y residencias geriátricas
8711502,Instituciones a largo plazo para ancianos
8711503,"Actividades de asistencia para discapacitados, inmunosupresiones y convalecientes"
8711504,Centros de apoyo para pacientes con cáncer y SIDA
8711505,Condominios residenciales para ancianos y discapacitados
8712300,Actividades del suministro de infraestructura para el apoyo y la atención al paciente en el hogar
8720401,Actividades de los centros de asistencia psicosocial
8720499,"Actividades psicosociales y de atención médica para pacientes con trastornos psíquicos, discapacidad mental y dependencia química y grupos similares"
8730101,Orfanatos
8730102,Albergues de asistencia
8730199,Actividades de asistencia social proporcionadas en residencias colectivas y privadas no especificadas previamente
8800600,Servicios de asistencia social sin alojamiento
9001901,Producción teatral
9001902,Producción musical
9001903,Producción de espectáculos de baile
9001904,"Producción de espectáculos de circo, títeres y similares"
9001905,"Producción de Rodeo, Cowboy y espectáculos similares"
9001906,Actividades de sonido e iluminación
9001999,"Artes escénicas, espectáculos y actividades complementarias no especificadas anteriormente"
9002701,"Actividades de artistas de plástico, periodistas y escritores independientes"
9002702,Restauración de trabajo de arte
9003500,"Gestión de espacios para artes escénicas, espectáculos y otras actividades artísticas"
9101500,Actividades de biblioteca y archivos
9102301,Actividades del museo y exploración de lugares y edificios históricos y atracciones similares
9102302,Restauración y conservación de lugares y edificios históricos
9103100,"Botánico, zoológico, parques nacionales, reservas ecológicas y actividades de protección del medio ambiente"
9200301,Casas de bingo
9200302,Exploración de apuestas en caballos
9200399,Exploración de juegos de azar y apuestas no se especificó anteriormente
9311500,Gestión de instalaciones deportivas
9312300,"Clubes sociales, deportivos y similares"
9313100,Actividades fisicas
9319101,Producción y promoción de eventos deportivos
9319199,Otras actividades deportivas no especificadas previamente
9321200,Parques divertidos y parques temáticos
9329801,"Discotecas, bailes, salas de baile y similares"
9329802,Exploración de bolos
9329803,"Exploración de juegos de billar, billar y similares"
9329804,Exploración de juegos electrónicos recreativos
9329899,Otras actividades de recreación y ocio no especificadas anteriormente
9411100,Actividades de organizaciones asociativas de empleador y empresarial
9412000,Actividades de organizaciones asociativas profesionales
9412001,Actividades de inspección profesional
9412099,Otras actividades asociativas profesionales
9420100,Actividades de organizaciones sindicales
9430800,Actividades de asociaciones de defensa de derechos sociales
9491000,Actividades de organizaciones religiosas o filosóficas
9492800,Actividades de organizaciones políticas
9493600,Actividades de organizaciones asociativas vinculadas a la cultura y el arte
9499500,Actividades asociativas no especificadas anteriormente
9511800,Reparación y mantenimiento de computadoras y equipos periféricos
9512600,Reparación y mantenimiento de equipos de comunicación
9521500,Reparación y mantenimiento de equipos electrónicos para uso personal y doméstico
9529101,"Reparación de zapatos, bolsos y artículos de viaje"
9529102,Llavero
9529103,Reparación de reloj
9529104,"Reparación de bicicletas, triciclos y otros vehículos desmotorizados"
9529105,Reparación de artículos de muebles
9529106,Joyas
9529199,Reparación y mantenimiento de otros objetos y equipos personales y nacionales no especificados previamente
9601701,Lavadero
9601702,Tintura
9601703,Ala
9602501,"Peluqueros, manicura y pedicura"
9602502,Actividades estéticas y otros servicios de cuidado de belleza
9603301,Gestión y mantenimiento de cementerios
9603302,Servicios de cremación
9603303,Servicios de entierro
9603304,Servicios fúnebres
9603305,Servicios de somatoconservación
9603399,Actividades funerarias y servicios relacionados no especificados anteriormente
9609201,Estética y clínicas similares
9609202,Agencias matrimoniales
9609203,"Alojamiento, higiene y embellecimiento de animales"
9609204,Exploración de máquinas de servicio personal activadas por moneda
9609205,Actividades de sauna y baño
9609206,Piercing Tatting and Placing Services
9609207,Alojamiento para animales domésticos
9609208,Higiene y embellecimiento de animales domésticos
9609299,Otras actividades de servicio personal no especificadas anteriormente
9700500,Servicios domésticos
9900800,Organismos internacionales y otras instituciones extraterritoriales
8888888,Actividad económica desinformada